{
    "ActionSound": "",
    "AutoUnlock": true,
    "Cards": [
        "{\n    \"UnitsInDeck\": 3,\n    \"Card\": \"frostbolt\"\n}",
        "{\n    \"UnitsInDeck\": 3,\n    \"Card\": \"flare\"\n}",
        "{\n    \"UnitsInDeck\": 3,\n    \"Card\": \"frostfirebolt\"\n}",
        "{\n    \"UnitsInDeck\": 2,\n    \"Card\": \"elementalward\"\n}",
        "{\n    \"UnitsInDeck\": 2,\n    \"Card\": \"scrollofintellect\"\n}",
        "{\n    \"UnitsInDeck\": 1,\n    \"Card\": \"coldsnap\"\n}",
        "{\n    \"UnitsInDeck\": 1,\n    \"Card\": \"thermomancerthermalpulse\"\n}"
    ],
    "ChallengePack0": "inferno",
    "ChallengePack1": "glacier",
    "ChallengePack2": "cryomancer",
    "ChallengePack3": "sorcerer",
    "ChallengePack4": "tempest",
    "ChallengePack5": "wizard",
    "ChallengePack6": "enchanter",
    "CharacterDescription": "Once an apprentice torn between two feuding archmages — one of flame, one of frost — Caldris refused to choose a side.\\nInstead, she mastered both elements, discovering that rapid shifts in temperature could wreak havoc on body and mind.\\n\\nHer mastery of fire and ice allows her to scorch foes while freezing them in place, creating deadly openings for her allies.\\nOn the battlefield, the air around her crackles with heat and frost, leaving enemies battered by flames and chilled to the bone.",
    "CharacterDescriptionStrength": "Hybrid mage who manipulates both fire and ice, specializing in combining Burn and Chill for devastating bursts.",
    "CharacterName": "Caldris",
    "Energy": 1,
    "EnergyTurn": 3,
    "Female": true,
    "FluffOffsetX": 0,
    "FluffOffsetY": 3.40000009536743,
    "HeroClass": "mage",
    "HeroClassSecondary": "none",
    "HitSound": "",
    "HP": 60,
    "ID": "thermomancer",
    "Item": "thermomancerfrozenemberling",
    "MaxHP": [
        0,
        5,
        5,
        5,
        5
    ],
    "OrderInList": 5,
    "ResistSlashing": 0,
    "ResistBlunt": 0,
    "ResistPiercing": 0,
    "ResistFire": 25,
    "ResistCold": 25,
    "ResistLightning": 0,
    "ResistHoly": 0,
    "ResistShadow": 0,
    "ResistMind": 0,
    "Speed": 11,
    "SpriteBorderLocked": "caldrisSilueta",
    "StickerBase": "",
    "StickerAngry": "",
    "StickerIndifferent": "",
    "StickerLove": "",
    "StickerSurprise": "",
    "StickerOffsetX": 0.100000001490116,
    "SubclassName": "Thermomancer",
    "Trait0": "thermomancertrait0",
    "Trait1A": "thermomancertrait1a",
    "Trait1B": "thermomancertrait1b",
    "Trait2A": "thermomancertrait2a",
    "Trait2B": "thermomancertrait2b",
    "Trait3A": "thermomancertrait3a",
    "Trait3B": "thermomancertrait3b",
    "Trait4A": "thermomancertrait4a",
    "Trait4B": "thermomancertrait4b",
    "CardsSingularity": [
        "thermomancerthermalpulse",
        "frostbolt",
        "fireblast",
        "icelance",
        "fireball",
        "icicle",
        "flare",
        "frostfirebolt",
        "elementalbolt",
        "searingnova",
        "searingtouch",
        "elementalward",
        "scrollofintellect",
        "frostnova",
        "coldsnap"
    ]
}